Quarter,Casos positivos
2020Q1,0
2020Q2,140.28125
2020Q3,178.268544
2020Q4,536.7304913
